Workbook

Sheet 提取参考：第11年6.7%+2%通胀调增
A1: 年龄 | B1: 保单年度终结 | C1: 缴付保费总额 | D1: 现金提取金额(1),(2) | E1: 现金提取后之基本金额 | F1: 现金提取后之退保发还金额
F2: 保证金额(2) | G2: 非保证金额 | I2: 总额 (A)+(B)+(C)
F3: 保证现金价值 (A) | G3: 复归红利 (B) | H3: 终期分红 (C)
A5: =[1]不提取累积情况!A4 -> 68 | B5: 1 | C5: 30000 | D5: 0 | E5: 306436 | F5: 31 | G5: 0 | H5: 0 | I5: 31
A6: =[1]不提取累积情况!A5 -> 69 | B6: 2 | C6: 60000 | D6: 0 | E6: 306436 | F6: 31 | G6: 0 | H6: 0 | I6: 31
A7: =[1]不提取累积情况!A6 -> 70 | B7: 3 | C7: 90000 | D7: 0 | E7: 306436 | F7: 7967 | G7: 2482 | H7: 4634 | I7: 15083
A8: =[1]不提取累积情况!A7 -> 71 | B8: 4 | C8: 120000 | D8: 0 | E8: 306436 | F8: 22370 | G8: 5001 | H8: 10277 | I8: 37649
A9: =[1]不提取累积情况!A8 -> 72 | B9: 5 | C9: 150000 | D9: 0 | E9: 306436 | F9: 42288 | G9: 7559 | H9: 20410 | I9: 70256
A10: =[1]不提取累积情况!A9 -> 73 | B10: 6 | C10: 150000 | D10: 0 | E10: 306436 | F10: 55771 | G10: 10154 | H10: 65534 | I10: 131460
A11: =[1]不提取累积情况!A10 -> 74 | B11: 7 | C11: 150000 | D11: 0 | E11: 306436 | F11: 68948 | G11: 12789 | H11: 69272 | I11: 151008
A12: =[1]不提取累积情况!A11 -> 75 | B12: 8 | C12: 150000 | D12: 0 | E12: 306436 | F12: 88866 | G12: 15463 | H12: 69852 | I12: 174181
A13: =[1]不提取累积情况!A12 -> 76 | B13: 9 | C13: 150000 | D13: 0 | E13: 306436 | F13: 91624 | G13: 18177 | H13: 76284 | I13: 186085
A14: =[1]不提取累积情况!A13 -> 77 | B14: 10 | C14: 150000 | D14: 0 | E14: 306436 | F14: 94076 | G14: 18745 | H14: 83897 | I14: 196717
A15: =[1]不提取累积情况!A14 -> 78 | B15: 11 | C15: 150000 | D15: 10000 | E15: 306436 | F15: 97140 | G15: 11574 | H15: 92223 | I15: 200938
A16: =[1]不提取累积情况!A15 -> 79 | B16: 12 | C16: 150000 | D16: 10200 | E16: 306436 | F16: 99898 | G16: 4282 | H16: 100983 | I16: 205164
... A37: =[1]不提取累积情况!A36 -> 100 | B37: 33 | C37: 63649 | D37: 15460 | E37: 129237 | F37: 65782 | G37: 0 | H37: 331365 | I37: 397147
B38: 34 | C38: 61302 | D38: 15769 | E38: 124470 | F38: 63729 | G38: 0 | H38: 342915 | I38: 406644
B39: 35 | C39: 59049 | D39: 16084 | E39: 119896 | F39: 61746 | G39: 0 | H39: 354651 | I39: 416398
B40: 36 | C40: 56887 | D40: 16406 | E40: 115506 | F40: 59717 | G40: 0 | H40: 366732 | I40: 426449
B41: 37 | C41: 54812 | D41: 16734 | E41: 111294 | F41: 57984 | G41: 0 | H41: 378732 | I41: 436716
B42: 38 | C42: 52821 | D42: 17069 | E42: 107251 | F42: 56307 | G42: 0 | H42: 391036 | I42: 447343
B43: 39 | C43: 50910 | D43: 17410 | E43: 103370 | F43: 54476 | G43: 0 | H43: 403660 | I43: 458136
B44: 40 | C44: 49302 | D44: 17758 | E44: 100106 | F44: 53237 | G44: 0 | H44: 417643 | I44: 470880
B45: 41 | C45: 47758 | D45: 18114 | E45: 96970 | F45: 51695 | G45: 0 | H45: 432291 | I45: 483985
B46: 42 | C46: 46274 | D46: 18476 | E46: 93957 | F46: 50210 | G46: 0 | H46: 447515 | I46: 497726
B47: 43 | C47: 44848 | D47: 18845 | E47: 91062 | F47: 48782 | G47: 0 | H47: 463048 | I47: 511830
B48: 44 | C48: 43478 | D48: 19222 | E48: 88281 | F48: 47407 | G48: 0 | H48: 479187 | I48: 526594
B49: 45 | C49: 42163 | D49: 19607 | E49: 85610 | F49: 46084 | G49: 0 | H49: 495851 | I49: 541934
... B104: 100 | C104: 14596 | D104: 58266 | E104: 29193 | F104: 19442 | G104: 0 | H104: 4658526 | I104: 4677968
