Workbook

Sheet 提取参考：第10年9%持续提取
A1: 年龄 | B1: 保单年度终结 | C1: 缴付保费总额 | D1: 现金提取金额(1),(2) | E1: 现金提取后之基本金额 | F1: 现金提取后之退保发还金额
F2: 保证金额(2) | G2: 非保证金额 | I2: 总额 (A)+(B)+(C)
F3: 保证现金价值 (A) | G3: 复归红利 (B) | H3: 终期分红 (C) | L3: 保单年度 | M3: 保费投入 | N3: 提取金额 | O3: 优惠金额 | P3: 退保现金价值 | Q3: 现金流 | T3: 优惠比率
L4: 0 | M4: =-C5 -> -30000 | Q4: =M4+N4+P4+O4 -> -30000 | T4: 0.12
A5: =[1]不提取累积情况!A4 -> 68 | B5: 1 | C5: 30000 | D5: 0 | E5: 306436 | F5: 31 | G5: 0 | H5: 0 | I5: 31 | L5: =B5 -> 1 | M5: =M4 -> -30000 | O5: =C5*T4 -> 3600 | Q5: =M5+N5+P5+O5 -> -26400
A6: =[1]不提取累积情况!A5 -> 69 | B6: 2 | C6: 60000 | D6: 0 | E6: 306436 | F6: 31 | G6: 0 | H6: 0 | I6: 31 | L6: =B6 -> 2 | M6: =M5 -> -30000 | Q6: =M6+N6+P6+O6 -> -30000
A7: =[1]不提取累积情况!A6 -> 70 | B7: 3 | C7: 90000 | D7: 0 | E7: 306436 | F7: 7967 | G7: 2482 | H7: 4634 | I7: 15083 | L7: =B7 -> 3 | M7: =M6 -> -30000 | Q7: =M7+N7+P7+O7 -> -30000
A8: =[1]不提取累积情况!A7 -> 71 | B8: 4 | C8: 120000 | D8: 0 | E8: 306436 | F8: 22370 | G8: 5001 | H8: 10277 | I8: 37649 | L8: =B8 -> 4 | M8: =M7 -> -30000 | Q8: =M8+N8+P8+O8 -> -30000
A9: =[1]不提取累积情况!A8 -> 72 | B9: 5 | C9: 150000 | D9: 0 | E9: 306436 | F9: 42288 | G9: 7559 | H9: 20410 | I9: 70256 | L9: =B9 -> 5 | Q9: =M9+N9+P9+O9 -> 0
A10: =[1]不提取累积情况!A9 -> 73 | B10: 6 | C10: 150000 | D10: 0 | E10: 306436 | F10: 55771 | G10: 10154 | H10: 65534 | I10: 131460 | L10: =B10 -> 6 | N10: =D10 -> 0 | Q10: =M10+N10+P10+O10 -> 0
A11: =[1]不提取累积情况!A10 -> 74 | B11: 7 | C11: 150000 | D11: 0 | E11: 306436 | F11: 68948 | G11: 12789 | H11: 69272 | I11: 151008 | L11: =B11 -> 7 | N11: =D11 -> 0 | Q11: =M11+N11+P11+O11 -> 0
A12: =[1]不提取累积情况!A11 -> 75 | B12: 8 | C12: 150000 | D12: 0 | E12: 306436 | F12: 88866 | G12: 15463 | H12: 69852 | I12: 174181 | L12: =B12 -> 8 | N12: =D12 -> 0 | Q12: =M12+N12+P12+O12 -> 0
A13: =[1]不提取累积情况!A12 -> 76 | B13: 9 | C13: 150000 | D13: 0 | E13: 306436 | F13: 91624 | G13: 18177 | H13: 76284 | I13: 186085 | L13: =B13 -> 9 | N13: =D13 -> 0 | Q13: =M13+N13+P13+O13 -> 0
A14: =[1]不提取累积情况!A13 -> 77 | B14: 10 | C14: 150000 | D14: 13500 | E14: 306436 | F14: 94076 | G14: 8013 | H14: 81128 | I14: 183217 | L14: =B14 -> 10 | N14: =D14 -> 13500 | Q14: =M14+N14+P14+O14 -> 13500
A15: =[1]不提取累积情况!A14 -> 78 | B15: 11 | C15: 147782 | D15: 13500 | E15: 301903 | F15: 95703 | G15: 0 | H15: 87552 | I15: 183255 | L15: =B15 -> 11 | N15: =D15 -> 13500 | Q15: =M15+N15+P15+O15 -> 13500
A16: =[1]不提取累积情况!A15 -> 79 | B16: 12 | C16: 137751 | D16: 13500 | E16: 281411 | F16: 91740 | G16: 0 | H16: 91459 | I16: 183199 | L16: =B16 -> 12 | N16: =D16 -> 13500 | Q16: =M16+N16+P16+O16 -> 13500
A17: =[1]不提取累积情况!A16 -> 80 | B17: 13 | C17: 128391 | D17: 13500 | E17: 262290 | F17: 88129 | G17: 0 | H17: 94949 | I17: 183078 | L17: =B17 -> 13 | N17: =D17 -> 13500 | Q17: =M17+N17+P17+O17 -> 13500
A18: =[1]不提取累积情况!A17 -> 81 | B18: 14 | C18: 120043 | D18: 13500 | E18: 244486 | F18: 84592 | G18: 0 | H18: 98773 | I18: 183365 | L18: =B18 -> 14 | N18: =D18 -> 13500 | Q18: =M18+N18+P18+O18 -> 13500
A19: =[1]不提取累积情况!A18 -> 82 | B19: 15 | C19: 111895 | D19: 13500 | E19: 227892 | F19: 81130 | G19: 0 | H19: 102324 | I19: 183453 | L19: =B19 -> 15 | N19: =D19 -> 13500 | Q19: =M19+N19+P19+O19 -> 13500
A20: =[1]不提取累积情况!A19 -> 83 | B20: 16 | C20: 104335 | D20: 13500 | E20: 212496 | F20: 80748 | G20: 0 | H20: 103698 | I20: 184446 | L20: =B20 -> 16 | N20: =D20 -> 13500 | Q20: =M20+N20+P20+O20 -> 13500
A21: =[1]不提取累积情况!A20 -> 84 | B21: 17 | C21: 97322 | D21: 13500 | E21: 198212 | F21: 80276 | G21: 0 | H21: 105250 | I21: 185526 | L21: =B21 -> 17 | N21: =D21 -> 13500 | Q21: =M21+N21+P21+O21 -> 13500
... A37: =[1]不提取累积情况!A36 -> 100 | B37: 33 | C37: 36268 | D37: 13500 | E37: 73268 | F37: 37293 | G37: 0 | H37: 187859 | I37: 225153 | L37: =B37 -> 33 | N37: =D37 -> 13500 | Q37: =M37+N37+P37+O37 -> 13500
B38: 34 | C38: 34239 | D38: 13500 | E38: 69169 | F38: 35415 | G38: 0 | H38: 190562 | I38: 225977 | L38: =B38 -> 34 | N38: =D38 -> 13500 | Q38: =M38+N38+P38+O38 -> 13500
B39: 35 | C39: 32330 | D39: 13500 | E39: 65314 | F39: 33637 | G39: 0 | H39: 193198 | I39: 226835 | L39: =B39 -> 35 | N39: =D39 -> 13500 | Q39: =M39+N39+P39+O39 -> 13500
B40: 36 | C40: 30535 | D40: 13500 | E40: 61687 | F40: 31892 | G40: 0 | H40: 195856 | I40: 227748 | L40: =B40 -> 36 | N40: =D40 -> 13500 | Q40: =M40+N40+P40+O40 -> 13500
B41: 37 | C41: 28846 | D41: 13500 | E41: 58274 | F41: 30361 | G41: 0 | H41: 198307 | I41: 228668 | L41: =B41 -> 37 | N41: =D41 -> 13500 | Q41: =M41+N41+P41+O41 -> 13500
B42: 38 | C42: 27256 | D42: 13500 | E42: 55063 | F42: 28908 | G42: 0 | H42: 200761 | I42: 229670 | L42: =B42 -> 38 | N42: =D42 -> 13500 | Q42: =M42+N42+P42+O42 -> 13500
B43: 39 | C43: 25761 | D43: 13500 | E43: 52042 | F43: 27426 | G43: 0 | H43: 203223 | I43: 230649 | L43: =B43 -> 39 | N43: =D43 -> 13500 | Q43: =M43+N43+P43+O43 -> 13500
B44: 40 | C44: 24468 | D44: 13500 | E44: 49429 | F44: 26287 | G44: 0 | H44: 206219 | I44: 232506 | L44: =B44 -> 40 | N44: =D44 -> 13500 | Q44: =M44+N44+P44+O44 -> 13500
B45: 41 | C45: 23249 | D45: 13500 | E45: 46968 | F45: 25039 | G45: 0 | H45: 209382 | I45: 234421 | L45: =B45 -> 41 | N45: =D45 -> 13500 | Q45: =M45+N45+P45+O45 -> 13500
B46: 42 | C46: 22101 | D46: 13500 | E46: 44649 | F46: 23861 | G46: 0 | H46: 212664 | I46: 236525 | L46: =B46 -> 42 | N46: =D46 -> 13500 | Q46: =M46+N46+P46+O46 -> 13500
B47: 43 | C47: 21020 | D47: 13500 | E47: 42465 | F47: 22748 | G47: 0 | H47: 215934 | I47: 238683 | L47: =B47 -> 43 | N47: =D47 -> 13500 | Q47: =M47+N47+P47+O47 -> 13500
B48: 44 | C48: 20002 | D48: 13500 | E48: 40408 | F48: 21699 | G48: 0 | H48: 219333 | I48: 241032 | L48: =B48 -> 44 | N48: =D48 -> 13500 | Q48: =M48+N48+P48+O48 -> 13500
B49: 45 | C49: 19043 | D49: 13500 | E49: 38470 | F49: 20708 | G49: 0 | H49: 222819 | I49: 243528 | L49: =B49 -> 45 | N49: =D49 -> 13500 | Q49: =M49+N49+P49+O49 -> 13500
... B93: 89 | C93: 4918 | D93: 13500 | E93: 9836 | F93: 6207 | G93: 0 | H93: 821644 | I93: 827850 | L93: =B93 -> 89 | N93: =D93 -> 13500 | Q93: =M93+N93+P93+O93 -> 13500
B94: 90 | C94: 4865 | D94: 13500 | E94: 9729 | F94: 6159 | G94: 0 | H94: 862077 | I94: 868236 | L94: =B94 -> 90 | N94: =D94 -> 13500 | P94: =I94 -> 868236 | Q94: =M94+N94+P94+O94 -> 881736
P95: IRR= | Q95: =IRR(Q4:Q94) -> 0.061846885
